"category","full_name","prize_year","age"
"Chemistry","Jacobus Henricus van 't Hoff",1901,49
"Literature","Sully Prudhomme",1901,62
"Medicine","Emil Adolf von Behring",1901,47
"Peace","Jean Henry Dunant",1901,73
"Peace","Frédéric Passy",1901,79
"Physics","Wilhelm Conrad Röntgen",1901,56
"Chemistry","Hermann Emil Fischer",1902,50
"Literature","Christian Matthias Theodor Mommsen",1902,85
"Medicine","Ronald Ross",1902,45
"Peace","Élie Ducommun",1902,69
"Peace","Charles Albert Gobat",1902,59
"Physics","Hendrik Antoon Lorentz",1902,49
"Physics","Pieter Zeeman",1902,37
"Chemistry","Svante August Arrhenius",1903,44
"Literature","Bjørnstjerne Martinus Bjørnson",1903,71
"Medicine","Niels Ryberg Finsen",1903,43
"Peace","William Randal Cremer",1903,75
"Physics","Antoine Henri Becquerel",1903,51
"Physics","Pierre Curie",1903,44
"Physics","Marie Curie, née Sklodowska",1903,36
"Chemistry","Sir William Ramsay",1904,52
"Literature","Frédéric Mistral",1904,74
"Literature","José Echegaray y Eizaguirre",1904,72
"Medicine","Ivan Petrovich Pavlov",1904,55
"Peace","Institut de droit international (Institute of International Law)",1904,NA
"Physics","Lord Rayleigh (John William Strutt)",1904,62
"Chemistry","Johann Friedrich Wilhelm Adolf von Baeyer",1905,70
"Literature","Henryk Sienkiewicz",1905,59
"Medicine","Robert Koch",1905,62
"Peace","Baroness Bertha Sophie Felicita von Suttner, née Countess Kinsky von Chinic und Tettau",1905,62
"Physics","Philipp Eduard Anton von Lenard",1905,43
"Chemistry","Henri Moissan",1906,54
"Literature","Giosuè Carducci",1906,71
"Medicine","Camillo Golgi",1906,63
"Medicine","Santiago Ramón y Cajal",1906,54
"Peace","Theodore Roosevelt",1906,48
"Physics","Joseph John Thomson",1906,50
"Chemistry","Eduard Buchner",1907,47
"Literature","Rudyard Kipling",1907,42
"Medicine","Charles Louis Alphonse Laveran",1907,62
"Peace","Ernesto Teodoro Moneta",1907,74
"Peace","Louis Renault",1907,64
"Physics","Albert Abraham Michelson",1907,55
"Chemistry","Ernest Rutherford",1908,37
"Literature","Rudolf Christoph Eucken",1908,62
"Medicine","Ilya Ilyich Mechnikov",1908,63
"Medicine","Paul Ehrlich",1908,54
"Medicine","Paul Ehrlich",1908,54
"Peace","Klas Pontus Arnoldson",1908,64
"Peace","Fredrik Bajer",1908,71
"Physics","Gabriel Lippmann",1908,63
"Chemistry","Wilhelm Ostwald",1909,56
"Literature","Selma Ottilia Lovisa Lagerlöf",1909,51
"Medicine","Emil Theodor Kocher",1909,68
"Peace","Auguste Marie François Beernaert",1909,80
"Peace","Paul Henri Benjamin Balluet d'Estournelles de Constant, Baron de Constant de Rebecque",1909,57
"Physics","Guglielmo Marconi",1909,35
"Physics","Karl Ferdinand Braun",1909,59
"Chemistry","Otto Wallach",1910,63
"Literature","Paul Johann Ludwig Heyse",1910,80
"Medicine","Albrecht Kossel",1910,57
"Peace","Bureau international permanent de la Paix (Permanent International Peace Bureau)",1910,NA
"Physics","Johannes Diderik van der Waals",1910,73
"Chemistry","Marie Curie, née Sklodowska",1911,44
"Literature","Count Maurice (Mooris) Polidore Marie Bernhard Maeterlinck",1911,49
"Medicine","Allvar Gullstrand",1911,49
"Peace","Tobias Michael Carel Asser",1911,73
"Peace","Alfred Hermann Fried",1911,47
"Physics","Wilhelm Wien",1911,47
"Chemistry","Victor Grignard",1912,41
"Chemistry","Paul Sabatier",1912,58
"Literature","Gerhart Johann Robert Hauptmann",1912,50
"Medicine","Alexis Carrel",1912,39
"Peace","Elihu Root",1912,67
"Physics","Nils Gustaf Dalén",1912,43
"Chemistry","Alfred Werner",1913,47
"Literature","Rabindranath Tagore",1913,52
"Medicine","Charles Robert Richet",1913,63
"Peace","Henri La Fontaine",1913,59
"Physics","Heike Kamerlingh Onnes",1913,60
"Chemistry","Theodore William Richards",1914,46
"Medicine","Robert Bárány",1914,38
"Physics","Max von Laue",1914,35
"Chemistry","Richard Martin Willstätter",1915,43
"Literature","Romain Rolland",1915,49
"Physics","Sir William Henry Bragg",1915,53
"Physics","William Lawrence Bragg",1915,25
"Literature","Carl Gustaf Verner von Heidenstam",1916,57
"Literature","Karl Adolph Gjellerup",1917,60
"Literature","Henrik Pontoppidan",1917,60
"Peace","Comité international de la Croix Rouge (International Committee of the Red Cross)",1917,NA
"Physics","Charles Glover Barkla",1917,40
"Chemistry","Fritz Haber",1918,50
"Physics","Max Karl Ernst Ludwig Planck",1918,60
"Literature","Carl Friedrich Georg Spitteler",1919,74
"Medicine","Jules Bordet",1919,49
"Peace","Thomas Woodrow Wilson",1919,63
"Physics","Johannes Stark",1919,45
"Chemistry","Walther Hermann Nernst",1920,56
"Literature","Knut Pedersen Hamsun",1920,61
"Medicine","Schack August Steenberg Krogh",1920,46
"Peace","Léon Victor Auguste Bourgeois",1920,69
"Physics","Charles Edouard Guillaume",1920,59
"Chemistry","Frederick Soddy",1921,44
"Literature","Anatole France",1921,77
"Peace","Karl Hjalmar Branting",1921,61
"Peace","Christian Lous Lange",1921,52
"Physics","Albert Einstein",1921,42
"Chemistry","Francis William Aston",1922,45
"Literature","Jacinto Benavente",1922,56
"Medicine","Archibald Vivian Hill",1922,36
"Medicine","Otto Fritz Meyerhof",1922,38
"Peace","Fridtjof Nansen",1922,61
"Physics","Niels Henrik David Bohr",1922,37
"Chemistry","Fritz Pregl",1923,54
"Literature","William Butler Yeats",1923,58
"Medicine","Frederick Grant Banting",1923,32
"Medicine","John James Rickard Macleod",1923,47
"Physics","Robert Andrews Millikan",1923,55
"Literature","Wladyslaw Stanislaw Reymont",1924,57
"Medicine","Willem Einthoven",1924,64
"Physics","Karl Manne Georg Siegbahn",1924,38
"Chemistry","Richard Adolf Zsigmondy",1925,60
"Literature","George Bernard Shaw",1925,69
"Peace","Sir Austen Chamberlain",1925,62
"Peace","Charles Gates Dawes",1925,60
"Physics","James Franck",1925,43
"Physics","Gustav Ludwig Hertz",1925,38
"Chemistry","The (Theodor) Svedberg",1926,42
"Literature","Grazia Deledda",1926,55
"Medicine","Johannes Andreas Grib Fibiger",1926,59
"Peace","Aristide Briand",1926,64
"Peace","Gustav Stresemann",1926,48
"Physics","Jean Baptiste Perrin",1926,56
"Chemistry","Heinrich Otto Wieland",1927,50
"Literature","Henri Bergson",1927,68
"Medicine","Julius Wagner-Jauregg",1927,70
"Peace","Ferdinand Buisson",1927,86
"Peace","Ludwig Quidde",1927,69
"Physics","Arthur Holly Compton",1927,35
"Physics","Charles Thomson Rees Wilson",1927,58
"Chemistry","Adolf Otto Reinhold Windaus",1928,52
"Literature","Sigrid Undset",1928,46
"Medicine","Charles Jules Henri Nicolle",1928,62
"Physics","Owen Willans Richardson",1928,49
"Chemistry","Arthur Harden",1929,64
"Chemistry","Hans Karl August Simon von Euler-Chelpin",1929,56
"Literature","Thomas Mann",1929,54
"Medicine","Christiaan Eijkman",1929,71
"Medicine","Sir Frederick Gowland Hopkins",1929,68
"Peace","Frank Billings Kellogg",1929,73
"Physics","Prince Louis-Victor Pierre Raymond de Broglie",1929,37
"Chemistry","Hans Fischer",1930,49
"Literature","Sinclair Lewis",1930,45
"Medicine","Karl Landsteiner",1930,62
"Peace","Lars Olof Jonathan (Nathan) Söderblom",1930,64
"Physics","Sir Chandrasekhara Venkata Raman",1930,42
"Chemistry","Carl Bosch",1931,57
"Chemistry","Carl Bosch",1931,57
"Chemistry","Friedrich Bergius",1931,47
"Chemistry","Friedrich Bergius",1931,47
"Literature","Erik Axel Karlfeldt",1931,67
"Medicine","Otto Heinrich Warburg",1931,48
"Peace","Jane Addams",1931,71
"Peace","Nicholas Murray Butler",1931,69
"Chemistry","Irving Langmuir",1932,51
"Literature","John Galsworthy",1932,65
"Medicine","Sir Charles Scott Sherrington",1932,75
"Medicine","Edgar Douglas Adrian",1932,43
"Physics","Werner Karl Heisenberg",1932,31
"Literature","Ivan Alekseyevich Bunin",1933,63
"Medicine","Thomas Hunt Morgan",1933,67
"Peace","Sir Norman Angell (Ralph Lane)",1933,61
"Physics","Erwin Schrödinger",1933,46
"Physics","Paul Adrien Maurice Dirac",1933,31
"Chemistry","Harold Clayton Urey",1934,41
"Literature","Luigi Pirandello",1934,67
"Medicine","George Hoyt Whipple",1934,56
"Medicine","George Richards Minot",1934,49
"Medicine","William Parry Murphy",1934,42
"Medicine","William Parry Murphy",1934,42
"Peace","Arthur Henderson",1934,71
"Chemistry","Frédéric Joliot",1935,35
"Chemistry","Irène Joliot-Curie",1935,38
"Medicine","Hans Spemann",1935,66
"Peace","Carl von Ossietzky",1935,46
"Physics","James Chadwick",1935,44
"Chemistry","Petrus (Peter) Josephus Wilhelmus Debye",1936,52
"Chemistry","Petrus (Peter) Josephus Wilhelmus Debye",1936,52
"Literature","Eugene Gladstone O'Neill",1936,48
"Medicine","Sir Henry Hallett Dale",1936,61
"Medicine","Otto Loewi",1936,63
"Peace","Carlos Saavedra Lamas",1936,58
"Physics","Victor Franz Hess",1936,53
"Physics","Carl David Anderson",1936,31
"Chemistry","Walter Norman Haworth",1937,54
"Chemistry","Paul Karrer",1937,48
"Literature","Roger Martin du Gard",1937,56
"Medicine","Albert von Szent-Györgyi Nagyrápolt",1937,44
"Peace","Cecil of Chelwood, Viscount (Lord Edgar Algernon Robert Gascoyne Cecil)",1937,73
"Physics","Clinton Joseph Davisson",1937,56
"Physics","George Paget Thomson",1937,45
"Chemistry","Richard Kuhn",1938,38
"Chemistry","Richard Kuhn",1938,38
"Literature","Pearl Buck",1938,46
"Medicine","Corneille Jean François Heymans",1938,46
"Peace","Office international Nansen pour les Réfugiés (Nansen International Office for Refugees)",1938,NA
"Physics","Enrico Fermi",1938,37
"Chemistry","Adolf Friedrich Johann Butenandt",1939,36
"Chemistry","Adolf Friedrich Johann Butenandt",1939,36
"Chemistry","Leopold Ruzicka",1939,52
"Literature","Frans Eemil Sillanpää",1939,51
"Medicine","Gerhard Domagk",1939,44
"Physics","Ernest Orlando Lawrence",1939,38
"Chemistry","George de Hevesy",1943,58
"Medicine","Henrik Carl Peter Dam",1943,48
"Medicine","Edward Adelbert Doisy",1943,50
"Physics","Otto Stern",1943,55
"Chemistry","Otto Hahn",1944,65
"Literature","Johannes Vilhelm Jensen",1944,71
"Medicine","Joseph Erlanger",1944,70
"Medicine","Herbert Spencer Gasser",1944,56
"Peace","Comité international de la Croix Rouge (International Committee of the Red Cross)",1944,NA
"Physics","Isidor Isaac Rabi",1944,46
"Chemistry","Artturi Ilmari Virtanen",1945,50
"Literature","Gabriela Mistral",1945,56
"Medicine","Sir Alexander Fleming",1945,64
"Medicine","Ernst Boris Chain",1945,39
"Medicine","Sir Howard Walter Florey",1945,47
"Peace","Cordell Hull",1945,74
"Physics","Wolfgang Pauli",1945,45
"Chemistry","James Batcheller Sumner",1946,59
"Chemistry","John Howard Northrop",1946,55
"Chemistry","Wendell Meredith Stanley",1946,42
"Literature","Hermann Hesse",1946,69
"Medicine","Hermann Joseph Muller",1946,56
"Peace","Emily Greene Balch",1946,79
"Peace","John Raleigh Mott",1946,81
"Physics","Percy Williams Bridgman",1946,64
"Chemistry","Sir Robert Robinson",1947,61
"Literature","André Paul Guillaume Gide",1947,78
"Medicine","Carl Ferdinand Cori",1947,51
"Medicine","Gerty Theresa Cori, née Radnitz",1947,51
"Medicine","Bernardo Alberto Houssay",1947,60
"Peace","Friends Service Council (The Quakers)",1947,NA
"Peace","American Friends Service Committee (The Quakers)",1947,NA
"Physics","Sir Edward Victor Appleton",1947,55
"Chemistry","Arne Wilhelm Kaurin Tiselius",1948,46
"Literature","Thomas Stearns Eliot",1948,60
"Medicine","Paul Hermann Müller",1948,49
"Physics","Patrick Maynard Stuart Blackett",1948,51
"Chemistry","William Francis Giauque",1949,54
"Literature","William Faulkner",1949,52
"Medicine","Walter Rudolf Hess",1949,68
"Medicine","Antonio Caetano de Abreu Freire Egas Moniz",1949,75
"Medicine","Antonio Caetano de Abreu Freire Egas Moniz",1949,75
"Peace","Lord (John) Boyd Orr of Brechin",1949,69
"Physics","Hideki Yukawa",1949,42
"Physics","Hideki Yukawa",1949,42
"Chemistry","Otto Paul Hermann Diels",1950,74
"Chemistry","Kurt Alder",1950,48
"Literature","Earl (Bertrand Arthur William) Russell",1950,78
"Medicine","Edward Calvin Kendall",1950,64
"Medicine","Tadeus Reichstein",1950,53
"Medicine","Philip Showalter Hench",1950,54
"Peace","Ralph Bunche",1950,46
"Physics","Cecil Frank Powell",1950,47
"Chemistry","Edwin Mattison McMillan",1951,44
"Chemistry","Glenn Theodore Seaborg",1951,39
"Literature","Pär Fabian Lagerkvist",1951,60
"Medicine","Max Theiler",1951,52
"Peace","Léon Jouhaux",1951,72
"Physics","Sir John Douglas Cockcroft",1951,54
"Physics","Ernest Thomas Sinton Walton",1951,48
"Chemistry","Archer John Porter Martin",1952,42
"Chemistry","Richard Laurence Millington Synge",1952,38
"Literature","François Mauriac",1952,67
"Medicine","Selman Abraham Waksman",1952,64
"Peace","Albert Schweitzer",1952,77
"Physics","Felix Bloch",1952,47
"Physics","Edward Mills Purcell",1952,40
"Chemistry","Hermann Staudinger",1953,72
"Chemistry","Hermann Staudinger",1953,72
"Literature","Sir Winston Leonard Spencer Churchill",1953,79
"Medicine","Hans Adolf Krebs",1953,53
"Medicine","Fritz Albert Lipmann",1953,54
"Medicine","Fritz Albert Lipmann",1953,54
"Peace","George Catlett Marshall",1953,73
"Physics","Frits Zernike",1953,65
"Chemistry","Linus Carl Pauling",1954,53
"Literature","Ernest Miller Hemingway",1954,55
"Medicine","John Franklin Enders",1954,57
"Medicine","John Franklin Enders",1954,57
"Medicine","Thomas Huckle Weller",1954,39
"Medicine","Frederick Chapman Robbins",1954,38
"Peace","Office of the United Nations High Commissioner for Refugees (UNHCR)",1954,NA
"Physics","Max Born",1954,72
"Physics","Walther Bothe",1954,63
"Physics","Walther Bothe",1954,63
"Chemistry","Vincent du Vigneaud",1955,54
"Literature","Halldór Kiljan Laxness",1955,53
"Medicine","Axel Hugo Theodor Theorell",1955,52
"Physics","Willis Eugene Lamb",1955,42
"Physics","Polykarp Kusch",1955,44
"Chemistry","Sir Cyril Norman Hinshelwood",1956,59
"Chemistry","Nikolay Nikolaevich Semenov",1956,60
"Literature","Juan Ramón Jiménez",1956,75
"Medicine","André Frédéric Cournand",1956,61
"Medicine","Werner Forssmann",1956,52
"Medicine","Werner Forssmann",1956,52
"Medicine","Dickinson W. Richards",1956,61
"Physics","William Bradford Shockley",1956,46
"Physics","John Bardeen",1956,48
"Physics","Walter Houser Brattain",1956,54
"Chemistry","Lord (Alexander R.) Todd",1957,50
"Literature","Albert Camus",1957,44
"Medicine","Daniel Bovet",1957,50
"Peace","Lester Bowles Pearson",1957,60
"Physics","Chen Ning Yang",1957,35
"Physics","Tsung-Dao (T.D.) Lee",1957,31
"Chemistry","Frederick Sanger",1958,40
"Literature","Boris Leonidovich Pasternak",1958,68
"Medicine","George Wells Beadle",1958,55
"Medicine","Edward Lawrie Tatum",1958,49
"Medicine","Joshua Lederberg",1958,33
"Peace","Georges Pire",1958,48
"Physics","Pavel Alekseyevich Cherenkov",1958,54
"Physics","Igor Yevgenyevich Tamm",1958,63
"Physics","Igor Yevgenyevich Tamm",1958,63
"Physics","Il´ja Mikhailovich Frank",1958,50
"Physics","Il´ja Mikhailovich Frank",1958,50
"Chemistry","Jaroslav Heyrovsky",1959,69
"Literature","Salvatore Quasimodo",1959,58
"Medicine","Severo Ochoa",1959,54
"Medicine","Arthur Kornberg",1959,41
"Peace","Philip J. Noel-Baker",1959,70
"Physics","Emilio Gino Segrè",1959,54
"Physics","Owen Chamberlain",1959,39
"Chemistry","Willard Frank Libby",1960,52
"Literature","Saint-John Perse",1960,73
"Medicine","Sir Frank Macfarlane Burnet",1960,61
"Medicine","Peter Brian Medawar",1960,45
"Peace","Albert John Lutuli",1960,NA
"Physics","Donald Arthur Glaser",1960,34
"Chemistry","Melvin Calvin",1961,50
"Literature","Ivo Andric",1961,69
"Medicine","Georg von Békésy",1961,62
"Peace","Dag Hjalmar Agne Carl Hammarskjöld",1961,56
"Physics","Robert Hofstadter",1961,46
"Physics","Rudolf Ludwig Mössbauer",1961,32
"Physics","Rudolf Ludwig Mössbauer",1961,32
"Chemistry","Max Ferdinand Perutz",1962,48
"Chemistry","John Cowdery Kendrew",1962,45
"Literature","John Steinbeck",1962,60
"Medicine","Francis Harry Compton Crick",1962,46
"Medicine","James Dewey Watson",1962,34
"Medicine","Maurice Hugh Frederick Wilkins",1962,46
"Peace","Linus Carl Pauling",1962,61
"Physics","Lev Davidovich Landau",1962,54
"Chemistry","Karl Ziegler",1963,65
"Chemistry","Giulio Natta",1963,60
"Literature","Giorgos Seferis",1963,63
"Medicine","Sir John Carew Eccles",1963,60
"Medicine","Alan Lloyd Hodgkin",1963,49
"Medicine","Andrew Fielding Huxley",1963,46
"Peace","Comité international de la Croix Rouge (International Committee of the Red Cross)",1963,NA
"Peace","Ligue des Sociétés de la Croix-Rouge (League of Red Cross Societies)",1963,NA
"Physics","Eugene Paul Wigner",1963,61
"Physics","Maria Goeppert Mayer",1963,57
"Physics","J. Hans D. Jensen",1963,56
"Chemistry","Dorothy Crowfoot Hodgkin",1964,54
"Literature","Jean-Paul Sartre",1964,59
"Medicine","Konrad Bloch",1964,52
"Medicine","Feodor Lynen",1964,53
"Peace","Martin Luther King Jr.",1964,35
"Physics","Charles Hard Townes",1964,49
"Physics","Nicolay Gennadiyevich Basov",1964,42
"Physics","Aleksandr Mikhailovich Prokhorov",1964,48
"Chemistry","Robert Burns Woodward",1965,48
"Literature","Mikhail Aleksandrovich Sholokhov",1965,60
"Medicine","François Jacob",1965,45
"Medicine","André Lwoff",1965,63
"Medicine","Jacques Monod",1965,55
"Peace","United Nations Children's Fund (UNICEF)",1965,NA
"Physics","Sin-Itiro Tomonaga",1965,59
"Physics","Julian Schwinger",1965,47
"Physics","Richard P. Feynman",1965,47
"Chemistry","Robert S. Mulliken",1966,70
"Literature","Shmuel Yosef Agnon",1966,78
"Literature","Nelly Sachs",1966,75
"Medicine","Peyton Rous",1966,87
"Medicine","Charles Brenton Huggins",1966,65
"Physics","Alfred Kastler",1966,64
"Chemistry","Manfred Eigen",1967,40
"Chemistry","Ronald George Wreyford Norrish",1967,70
"Chemistry","George Porter",1967,47
"Literature","Miguel Angel Asturias",1967,68
"Medicine","Ragnar Granit",1967,67
"Medicine","Haldan Keffer Hartline",1967,64
"Medicine","George Wald",1967,61
"Physics","Hans Albrecht Bethe",1967,61
"Chemistry","Lars Onsager",1968,65
"Literature","Yasunari Kawabata",1968,69
"Medicine","Robert W. Holley",1968,46
"Medicine","Har Gobind Khorana",1968,46
"Medicine","Marshall W. Nirenberg",1968,41
"Peace","René Cassin",1968,81
"Physics","Luis Walter Alvarez",1968,57
"Chemistry","Derek H. R. Barton",1969,51
"Chemistry","Odd Hassel",1969,72
"Economics","Ragnar Frisch",1969,74
"Economics","Jan Tinbergen",1969,66
"Literature","Samuel Beckett",1969,63
"Medicine","Max Delbrück",1969,63
"Medicine","Alfred D. Hershey",1969,61
"Medicine","Salvador E. Luria",1969,57
"Peace","International Labour Organization (I.L.O.)",1969,NA
"Physics","Murray Gell-Mann",1969,40
"Chemistry","Luis F. Leloir",1970,64
"Economics","Paul A. Samuelson",1970,55
"Literature","Aleksandr Isayevich Solzhenitsyn",1970,52
"Medicine","Sir Bernard Katz",1970,59
"Medicine","Ulf von Euler",1970,65
"Medicine","Julius Axelrod",1970,58
"Peace","Norman E. Borlaug",1970,56
"Physics","Hannes Olof Gösta Alfvén",1970,62
"Physics","Louis Eugène Félix Néel",1970,66
"Chemistry","Gerhard Herzberg",1971,67
"Economics","Simon Kuznets",1971,70
"Literature","Pablo Neruda",1971,67
"Medicine","Earl W. Sutherland, Jr.",1971,56
"Peace","Willy Brandt",1971,58
"Physics","Dennis Gabor",1971,71
"Chemistry","Christian B. Anfinsen",1972,56
"Chemistry","Stanford Moore",1972,59
"Chemistry","William H. Stein",1972,61
"Economics","John R. Hicks",1972,68
"Economics","Kenneth J. Arrow",1972,51
"Literature","Heinrich Böll",1972,55
"Medicine","Gerald M. Edelman",1972,43
"Medicine","Rodney R. Porter",1972,55
"Physics","John Bardeen",1972,64
"Physics","Leon Neil Cooper",1972,42
"Physics","John Robert Schrieffer",1972,41
"Chemistry","Ernst Otto Fischer",1973,55
"Chemistry","Geoffrey Wilkinson",1973,52
"Economics","Wassily Leontief",1973,67
"Literature","Patrick White",1973,61
"Medicine","Karl von Frisch",1973,87
"Medicine","Konrad Lorenz",1973,70
"Medicine","Nikolaas Tinbergen",1973,66
"Peace","Henry A. Kissinger",1973,50
"Peace","Le Duc Tho",1973,62
"Physics","Leo Esaki",1973,48
"Physics","Ivar Giaever",1973,44
"Physics","Brian David Josephson",1973,33
"Chemistry","Paul J. Flory",1974,64
"Economics","Gunnar Myrdal",1974,76
"Economics","Friedrich August von Hayek",1974,75
"Literature","Eyvind Johnson",1974,74
"Literature","Harry Martinson",1974,70
"Medicine","Albert Claude",1974,76
"Medicine","Christian de Duve",1974,57
"Medicine","Christian de Duve",1974,57
"Medicine","George E. Palade",1974,62
"Peace","Seán MacBride",1974,70
"Peace","Eisaku Sato",1974,73
"Physics","Sir Martin Ryle",1974,56
"Physics","Antony Hewish",1974,50
"Chemistry","John Warcup Cornforth",1975,58
"Chemistry","Vladimir Prelog",1975,69
"Economics","Leonid Vitaliyevich Kantorovich",1975,63
"Economics","Tjalling C. Koopmans",1975,65
"Literature","Eugenio Montale",1975,79
"Medicine","David Baltimore",1975,37
"Medicine","Renato Dulbecco",1975,61
"Medicine","Howard Martin Temin",1975,41
"Peace","Andrei Dmitrievich Sakharov",1975,54
"Physics","Aage Niels Bohr",1975,53
"Physics","Ben Roy Mottelson",1975,49
"Physics","Leo James Rainwater",1975,58
"Chemistry","William N. Lipscomb",1976,57
"Economics","Milton Friedman",1976,64
"Literature","Saul Bellow",1976,61
"Medicine","Baruch S. Blumberg",1976,51
"Medicine","D. Carleton Gajdusek",1976,53
"Peace","Betty Williams",1976,33
"Peace","Mairead Corrigan",1976,32
"Physics","Burton Richter",1976,45
"Physics","Samuel Chao Chung Ting",1976,40
"Chemistry","Ilya Prigogine",1977,60
"Chemistry","Ilya Prigogine",1977,60
"Economics","Bertil Ohlin",1977,78
"Economics","James E. Meade",1977,70
"Literature","Vicente Aleixandre",1977,79
"Medicine","Roger Guillemin",1977,53
"Medicine","Andrew V. Schally",1977,51
"Medicine","Rosalyn Yalow",1977,56
"Peace","Amnesty International",1977,NA
"Physics","Philip Warren Anderson",1977,54
"Physics","Sir Nevill Francis Mott",1977,72
"Physics","John Hasbrouck van Vleck",1977,78
"Chemistry","Peter D. Mitchell",1978,58
"Economics","Herbert A. Simon",1978,62
"Literature","Isaac Bashevis Singer",1978,74
"Medicine","Werner Arber",1978,49
"Medicine","Daniel Nathans",1978,50
"Medicine","Hamilton O. Smith",1978,47
"Peace","Mohamed Anwar al-Sadat",1978,60
"Peace","Menachem Begin",1978,65
"Physics","Pyotr Leonidovich Kapitsa",1978,84
"Physics","Arno Allan Penzias",1978,45
"Physics","Robert Woodrow Wilson",1978,42
"Chemistry","Herbert C. Brown",1979,67
"Chemistry","Georg Wittig",1979,82
"Economics","Theodore W. Schultz",1979,77
"Economics","Sir Arthur Lewis",1979,64
"Literature","Odysseus Elytis",1979,68
"Medicine","Allan M. Cormack",1979,55
"Medicine","Godfrey N. Hounsfield",1979,60
"Peace","Mother Teresa",1979,69
"Physics","Sheldon Lee Glashow",1979,47
"Physics","Abdus Salam",1979,53
"Physics","Abdus Salam",1979,53
"Physics","Steven Weinberg",1979,46
"Chemistry","Frederick Sanger",1980,62
"Chemistry","Paul Berg",1980,54
"Chemistry","Walter Gilbert",1980,48
"Economics","Lawrence R. Klein",1980,60
"Literature","Czeslaw Milosz",1980,69
"Medicine","Baruj Benacerraf",1980,60
"Medicine","Jean Dausset",1980,64
"Medicine","George D. Snell",1980,77
"Peace","Adolfo Pérez Esquivel",1980,49
"Physics","James Watson Cronin",1980,49
"Physics","Val Logsdon Fitch",1980,57
"Chemistry","Kenichi Fukui",1981,63
"Chemistry","Roald Hoffmann",1981,44
"Economics","James Tobin",1981,63
"Literature","Elias Canetti",1981,76
"Medicine","Roger W. Sperry",1981,68
"Medicine","David H. Hubel",1981,55
"Medicine","Torsten N. Wiesel",1981,57
"Peace","Office of the United Nations High Commissioner for Refugees (UNHCR)",1981,NA
"Physics","Nicolaas Bloembergen",1981,61
"Physics","Arthur Leonard Schawlow",1981,60
"Physics","Kai M. Siegbahn",1981,63
"Chemistry","Aaron Klug",1982,56
"Economics","George J. Stigler",1982,71
"Literature","Gabriel García Márquez",1982,55
"Medicine","Sune K. Bergström",1982,66
"Medicine","Bengt I. Samuelsson",1982,48
"Medicine","John R. Vane",1982,55
"Peace","Alva Myrdal",1982,80
"Peace","Alfonso García Robles",1982,71
"Physics","Kenneth G. Wilson",1982,46
"Chemistry","Henry Taube",1983,68
"Economics","Gerard Debreu",1983,62
"Literature","William Golding",1983,72
"Medicine","Barbara McClintock",1983,81
"Peace","Lech Walesa",1983,40
"Physics","Subramanyan Chandrasekhar",1983,73
"Physics","William Alfred Fowler",1983,72
"Chemistry","Robert Bruce Merrifield",1984,63
"Economics","Richard Stone",1984,71
"Literature","Jaroslav Seifert",1984,83
"Medicine","Niels K. Jerne",1984,73
"Medicine","Georges J.F. Köhler",1984,38
"Medicine","César Milstein",1984,57
"Peace","Desmond Mpilo Tutu",1984,53
"Physics","Carlo Rubbia",1984,50
"Physics","Simon van der Meer",1984,59
"Chemistry","Herbert A. Hauptman",1985,68
"Chemistry","Jerome Karle",1985,67
"Economics","Franco Modigliani",1985,67
"Literature","Claude Simon",1985,72
"Medicine","Michael S. Brown",1985,44
"Medicine","Joseph L. Goldstein",1985,45
"Peace","International Physicians for the Prevention of Nuclear War",1985,NA
"Physics","Klaus von Klitzing",1985,42
"Chemistry","Dudley R. Herschbach",1986,54
"Chemistry","Yuan T. Lee",1986,50
"Chemistry","John C. Polanyi",1986,57
"Economics","James M. Buchanan Jr.",1986,67
"Literature","Wole Soyinka",1986,52
"Medicine","Stanley Cohen",1986,64
"Medicine","Rita Levi-Montalcini",1986,77
"Peace","Elie Wiesel",1986,58
"Physics","Ernst Ruska",1986,80
"Physics","Gerd Binnig",1986,39
"Physics","Heinrich Rohrer",1986,53
"Chemistry","Donald J. Cram",1987,68
"Chemistry","Jean-Marie Lehn",1987,48
"Chemistry","Jean-Marie Lehn",1987,48
"Chemistry","Charles J. Pedersen",1987,83
"Economics","Robert M. Solow",1987,63
"Literature","Joseph Brodsky",1987,47
"Medicine","Susumu Tonegawa",1987,48
"Peace","Oscar Arias Sánchez",1987,46
"Physics","J. Georg Bednorz",1987,37
"Physics","K. Alexander Müller",1987,60
"Chemistry","Johann Deisenhofer",1988,45
"Chemistry","Johann Deisenhofer",1988,45
"Chemistry","Robert Huber",1988,51
"Chemistry","Hartmut Michel",1988,40
"Economics","Maurice Allais",1988,77
"Literature","Naguib Mahfouz",1988,77
"Medicine","Sir James W. Black",1988,64
"Medicine","Gertrude B. Elion",1988,70
"Medicine","George H. Hitchings",1988,83
"Peace","United Nations Peacekeeping Forces",1988,NA
"Physics","Leon M. Lederman",1988,66
"Physics","Melvin Schwartz",1988,56
"Physics","Jack Steinberger",1988,67
"Chemistry","Sidney Altman",1989,50
"Chemistry","Thomas R. Cech",1989,42
"Economics","Trygve Haavelmo",1989,78
"Literature","Camilo José Cela",1989,73
"Medicine","J. Michael Bishop",1989,53
"Medicine","Harold E. Varmus",1989,50
"Peace","The 14th Dalai Lama (Tenzin Gyatso)",1989,54
"Physics","Norman F. Ramsey",1989,74
"Physics","Hans G. Dehmelt",1989,67
"Physics","Wolfgang Paul",1989,76
"Chemistry","Elias James Corey",1990,62
"Economics","Harry M. Markowitz",1990,63
"Economics","Merton H. Miller",1990,67
"Economics","William F. Sharpe",1990,56
"Literature","Octavio Paz",1990,76
"Medicine","Joseph E. Murray",1990,71
"Medicine","E. Donnall Thomas",1990,70
"Peace","Mikhail Sergeyevich Gorbachev",1990,59
"Physics","Jerome I. Friedman",1990,60
"Physics","Henry W. Kendall",1990,64
"Physics","Richard E. Taylor",1990,61
"Chemistry","Richard R. Ernst",1991,58
"Economics","Ronald H. Coase",1991,81
"Literature","Nadine Gordimer",1991,68
"Medicine","Erwin Neher",1991,47
"Medicine","Bert Sakmann",1991,49
"Peace","Aung San Suu Kyi",1991,46
"Physics","Pierre-Gilles de Gennes",1991,59
"Chemistry","Rudolph A. Marcus",1992,69
"Economics","Gary S. Becker",1992,62
"Literature","Derek Walcott",1992,62
"Medicine","Edmond H. Fischer",1992,72
"Medicine","Edwin G. Krebs",1992,74
"Peace","Rigoberta Menchú Tum",1992,33
"Physics","Georges Charpak",1992,68
"Physics","Georges Charpak",1992,68
"Chemistry","Kary B. Mullis",1993,49
"Chemistry","Michael Smith",1993,61
"Economics","Robert W. Fogel",1993,66
"Economics","Douglass C. North",1993,73
"Literature","Toni Morrison",1993,62
"Medicine","Richard J. Roberts",1993,50
"Medicine","Phillip A. Sharp",1993,49
"Peace","Nelson Mandela",1993,75
"Peace","Frederik Willem de Klerk",1993,57
"Physics","Russell A. Hulse",1993,43
"Physics","Joseph H. Taylor Jr.",1993,52
"Chemistry","George A. Olah",1994,67
"Economics","John C. Harsanyi",1994,74
"Economics","John F. Nash Jr.",1994,66
"Economics","Reinhard Selten",1994,64
"Literature","Kenzaburo Oe",1994,59
"Medicine","Alfred G. Gilman",1994,53
"Medicine","Martin Rodbell",1994,69
"Peace","Yasser Arafat",1994,65
"Peace","Shimon Peres",1994,71
"Peace","Yitzhak Rabin",1994,72
"Physics","Bertram N. Brockhouse",1994,76
"Physics","Clifford G. Shull",1994,79
"Chemistry","Paul J. Crutzen",1995,62
"Chemistry","Mario J. Molina",1995,52
"Chemistry","F. Sherwood Rowland",1995,68
"Economics","Robert E. Lucas Jr.",1995,58
"Literature","Seamus Heaney",1995,56
"Medicine","Edward B. Lewis",1995,77
"Medicine","Christiane Nüsslein-Volhard",1995,53
"Medicine","Eric F. Wieschaus",1995,48
"Peace","Joseph Rotblat",1995,87
"Peace","Pugwash Conferences on Science and World Affairs",1995,NA
"Physics","Martin L. Perl",1995,68
"Physics","Frederick Reines",1995,77
"Chemistry","Robert F. Curl Jr.",1996,63
"Chemistry","Sir Harold W. Kroto",1996,57
"Chemistry","Richard E. Smalley",1996,53
"Economics","James A. Mirrlees",1996,60
"Economics","William Vickrey",1996,82
"Literature","Wislawa Szymborska",1996,73
"Medicine","Peter C. Doherty",1996,56
"Medicine","Rolf M. Zinkernagel",1996,52
"Peace","Carlos Filipe Ximenes Belo",1996,48
"Peace","José Ramos-Horta",1996,47
"Physics","David M. Lee",1996,65
"Physics","Douglas D. Osheroff",1996,51
"Physics","Robert C. Richardson",1996,59
"Chemistry","Paul D. Boyer",1997,79
"Chemistry","John E. Walker",1997,56
"Chemistry","Jens C. Skou",1997,79
"Economics","Robert C. Merton",1997,53
"Economics","Myron S. Scholes",1997,56
"Literature","Dario Fo",1997,71
"Medicine","Stanley B. Prusiner",1997,55
"Peace","International Campaign to Ban Landmines (ICBL)",1997,NA
"Peace","Jody Williams",1997,47
"Physics","Steven Chu",1997,49
"Physics","Claude Cohen-Tannoudji",1997,64
"Physics","Claude Cohen-Tannoudji",1997,64
"Physics","William D. Phillips",1997,49
"Chemistry","Walter Kohn",1998,75
"Chemistry","John A. Pople",1998,73
"Economics","Amartya Sen",1998,65
"Literature","José Saramago",1998,76
"Medicine","Robert F. Furchgott",1998,82
"Medicine","Louis J. Ignarro",1998,57
"Medicine","Ferid Murad",1998,62
"Peace","John Hume",1998,61
"Peace","David Trimble",1998,54
"Physics","Robert B. Laughlin",1998,48
"Physics","Horst L. Störmer",1998,49
"Physics","Daniel C. Tsui",1998,59
"Chemistry","Ahmed H. Zewail",1999,53
"Economics","Robert A. Mundell",1999,67
"Literature","Günter Grass",1999,72
"Medicine","Günter Blobel",1999,63
"Medicine","Günter Blobel",1999,63
"Peace","Médecins Sans Frontières",1999,NA
"Physics","Gerardus 't Hooft",1999,53
"Physics","Martinus J.G. Veltman",1999,68
"Chemistry","Alan J. Heeger",2000,64
"Chemistry","Alan G. MacDiarmid",2000,73
"Chemistry","Hideki Shirakawa",2000,64
"Economics","James J. Heckman",2000,56
"Economics","Daniel L. McFadden",2000,63
"Literature","Gao Xingjian",2000,60
"Medicine","Arvid Carlsson",2000,77
"Medicine","Paul Greengard",2000,75
"Medicine","Eric R. Kandel",2000,71
"Peace","Kim Dae-jung",2000,75
"Physics","Zhores I. Alferov",2000,70
"Physics","Herbert Kroemer",2000,72
"Physics","Jack S. Kilby",2000,77
"Chemistry","William S. Knowles",2001,84
"Chemistry","Ryoji Noyori",2001,63
"Chemistry","K. Barry Sharpless",2001,60
"Economics","George A. Akerlof",2001,61
"Economics","A. Michael Spence",2001,NA
"Economics","Joseph E. Stiglitz",2001,58
"Literature","Sir Vidiadhar Surajprasad Naipaul",2001,69
"Medicine","Leland H. Hartwell",2001,62
"Medicine","Tim Hunt",2001,58
"Medicine","Sir Paul M. Nurse",2001,52
"Peace","United Nations (U.N.)",2001,NA
"Peace","Kofi Annan",2001,63
"Physics","Eric A. Cornell",2001,40
"Physics","Wolfgang Ketterle",2001,44
"Physics","Carl E. Wieman",2001,50
"Chemistry","John B. Fenn",2002,85
"Chemistry","Koichi Tanaka",2002,43
"Chemistry","Kurt Wüthrich",2002,64
"Chemistry","Kurt Wüthrich",2002,64
"Economics","Daniel Kahneman",2002,68
"Economics","Vernon L. Smith",2002,75
"Literature","Imre Kertész",2002,73
"Medicine","Sydney Brenner",2002,75
"Medicine","H. Robert Horvitz",2002,55
"Medicine","John E. Sulston",2002,60
"Peace","Jimmy Carter",2002,78
"Physics","Raymond Davis Jr.",2002,88
"Physics","Masatoshi Koshiba",2002,76
"Physics","Riccardo Giacconi",2002,71
"Chemistry","Peter Agre",2003,54
"Chemistry","Roderick MacKinnon",2003,47
"Chemistry","Roderick MacKinnon",2003,47
"Economics","Robert F. Engle III",2003,61
"Economics","Clive W.J. Granger",2003,69
"Literature","John M. Coetzee",2003,63
"Medicine","Paul C. Lauterbur",2003,74
"Medicine","Sir Peter Mansfield",2003,70
"Peace","Shirin Ebadi",2003,56
"Physics","Alexei A. Abrikosov",2003,75
"Physics","Vitaly L. Ginzburg",2003,87
"Physics","Anthony J. Leggett",2003,65
"Chemistry","Aaron Ciechanover",2004,57
"Chemistry","Avram Hershko",2004,67
"Chemistry","Irwin Rose",2004,78
"Economics","Finn E. Kydland",2004,61
"Economics","Finn E. Kydland",2004,61
"Economics","Edward C. Prescott",2004,64
"Economics","Edward C. Prescott",2004,64
"Literature","Elfriede Jelinek",2004,58
"Medicine","Richard Axel",2004,58
"Medicine","Linda B. Buck",2004,57
"Peace","Wangari Muta Maathai",2004,64
"Physics","David J. Gross",2004,63
"Physics","H. David Politzer",2004,55
"Physics","Frank Wilczek",2004,53
"Chemistry","Yves Chauvin",2005,75
"Chemistry","Robert H. Grubbs",2005,63
"Chemistry","Richard R. Schrock",2005,60
"Economics","Robert J. Aumann",2005,75
"Economics","Thomas C. Schelling",2005,84
"Literature","Harold Pinter",2005,75
"Medicine","Barry J. Marshall",2005,54
"Medicine","Barry J. Marshall",2005,54
"Medicine","J. Robin Warren",2005,68
"Peace","International Atomic Energy Agency (IAEA)",2005,NA
"Peace","Mohamed ElBaradei",2005,63
"Physics","Roy J. Glauber",2005,80
"Physics","John L. Hall",2005,71
"Physics","John L. Hall",2005,71
"Physics","Theodor W. Hänsch",2005,64
"Physics","Theodor W. Hänsch",2005,64
"Chemistry","Roger D. Kornberg",2006,59
"Economics","Edmund S. Phelps",2006,73
"Literature","Orhan Pamuk",2006,54
"Medicine","Andrew Z. Fire",2006,47
"Medicine","Craig C. Mello",2006,46
"Peace","Muhammad Yunus",2006,66
"Peace","Grameen Bank",2006,NA
"Physics","John C. Mather",2006,60
"Physics","George F. Smoot",2006,61
"Chemistry","Gerhard Ertl",2007,71
"Economics","Leonid Hurwicz",2007,90
"Economics","Eric S. Maskin",2007,57
"Economics","Roger B. Myerson",2007,56
"Literature","Doris Lessing",2007,88
"Medicine","Mario R. Capecchi",2007,70
"Medicine","Mario R. Capecchi",2007,70
"Medicine","Sir Martin J. Evans",2007,66
"Medicine","Oliver Smithies",2007,82
"Peace","Intergovernmental Panel on Climate Change (IPCC)",2007,NA
"Peace","Albert Arnold (Al) Gore Jr.",2007,59
"Physics","Albert Fert",2007,69
"Physics","Albert Fert",2007,69
"Physics","Peter Grünberg",2007,68
"Chemistry","Osamu Shimomura",2008,80
"Chemistry","Osamu Shimomura",2008,80
"Chemistry","Martin Chalfie",2008,61
"Chemistry","Roger Y. Tsien",2008,56
"Chemistry","Roger Y. Tsien",2008,56
"Economics","Paul Krugman",2008,55
"Literature","Jean-Marie Gustave Le Clézio",2008,68
"Medicine","Harald zur Hausen",2008,72
"Medicine","Françoise Barré-Sinoussi",2008,61
"Medicine","Luc Montagnier",2008,76
"Peace","Martti Ahtisaari",2008,71
"Physics","Yoichiro Nambu",2008,87
"Physics","Makoto Kobayashi",2008,64
"Physics","Toshihide Maskawa",2008,68
"Physics","Toshihide Maskawa",2008,68
"Chemistry","Venkatraman Ramakrishnan",2009,NA
"Chemistry","Thomas A. Steitz",2009,69
"Chemistry","Thomas A. Steitz",2009,69
"Chemistry","Ada E. Yonath",2009,70
"Economics","Elinor Ostrom",2009,76
"Economics","Elinor Ostrom",2009,76
"Economics","Oliver E. Williamson",2009,77
"Literature","Herta Müller",2009,56
"Medicine","Elizabeth H. Blackburn",2009,61
"Medicine","Carol W. Greider",2009,48
"Medicine","Jack W. Szostak",2009,57
"Medicine","Jack W. Szostak",2009,57
"Medicine","Jack W. Szostak",2009,57
"Peace","Barack H. Obama",2009,48
"Physics","Charles Kuen Kao",2009,76
"Physics","Charles Kuen Kao",2009,76
"Physics","Willard S. Boyle",2009,85
"Physics","George E. Smith",2009,79
"Chemistry","Richard F. Heck",2010,79
"Chemistry","Ei-ichi Negishi",2010,75
"Chemistry","Akira Suzuki",2010,80
"Economics","Peter A. Diamond",2010,70
"Economics","Dale T. Mortensen",2010,71
"Economics","Dale T. Mortensen",2010,71
"Economics","Christopher A. Pissarides",2010,62
"Literature","Mario Vargas Llosa",2010,74
"Medicine","Robert G. Edwards",2010,85
"Peace","Liu Xiaobo",2010,55
"Physics","Andre Geim",2010,52
"Physics","Konstantin Novoselov",2010,36
"Chemistry","Dan Shechtman",2011,70
"Economics","Thomas J. Sargent",2011,68
"Economics","Christopher A. Sims",2011,69
"Literature","Tomas Tranströmer",2011,80
"Medicine","Bruce A. Beutler",2011,54
"Medicine","Bruce A. Beutler",2011,54
"Medicine","Jules A. Hoffmann",2011,70
"Medicine","Ralph M. Steinman",2011,68
"Peace","Ellen Johnson Sirleaf",2011,73
"Peace","Leymah Gbowee",2011,39
"Peace","Tawakkol Karman",2011,32
"Physics","Saul Perlmutter",2011,NA
"Physics","Saul Perlmutter",2011,NA
"Physics","Brian P. Schmidt",2011,44
"Physics","Adam G. Riess",2011,42
"Physics","Adam G. Riess",2011,42
"Chemistry","Robert J. Lefkowitz",2012,69
"Chemistry","Robert J. Lefkowitz",2012,69
"Chemistry","Brian K. Kobilka",2012,57
"Economics","Alvin E. Roth",2012,61
"Economics","Alvin E. Roth",2012,61
"Economics","Lloyd S. Shapley",2012,89
"Literature","Mo Yan",2012,57
"Medicine","Sir John B. Gurdon",2012,79
"Medicine","Shinya Yamanaka",2012,50
"Medicine","Shinya Yamanaka",2012,50
"Peace","European Union (EU)",2012,NA
"Physics","Serge Haroche",2012,68
"Physics","Serge Haroche",2012,68
"Physics","David J. Wineland",2012,68
"Physics","David J. Wineland",2012,68
"Chemistry","Martin Karplus",2013,83
"Chemistry","Martin Karplus",2013,83
"Chemistry","Michael Levitt",2013,66
"Chemistry","Arieh Warshel",2013,73
"Economics","Eugene F. Fama",2013,74
"Economics","Lars Peter Hansen",2013,61
"Economics","Robert J. Shiller",2013,67
"Literature","Alice Munro",2013,82
"Medicine","James E. Rothman",2013,63
"Medicine","Randy W. Schekman",2013,65
"Medicine","Randy W. Schekman",2013,65
"Medicine","Thomas C. Südhof",2013,58
"Medicine","Thomas C. Südhof",2013,58
"Peace","Organisation for the Prohibition of Chemical Weapons (OPCW)",2013,NA
"Physics","François Englert",2013,81
"Physics","Peter W. Higgs",2013,84
"Chemistry","Eric Betzig",2014,54
"Chemistry","Stefan W. Hell",2014,52
"Chemistry","Stefan W. Hell",2014,52
"Chemistry","William E. Moerner",2014,61
"Economics","Jean Tirole",2014,61
"Literature","Patrick Modiano",2014,69
"Medicine","John O'Keefe",2014,75
"Medicine","May-Britt Moser",2014,51
"Medicine","Edvard I. Moser",2014,52
"Peace","Kailash Satyarthi",2014,60
"Peace","Malala Yousafzai",2014,17
"Physics","Isamu Akasaki",2014,85
"Physics","Isamu Akasaki",2014,85
"Physics","Hiroshi Amano",2014,54
"Physics","Shuji Nakamura",2014,60
"Chemistry","Tomas Lindahl",2015,77
"Chemistry","Tomas Lindahl",2015,77
"Chemistry","Paul Modrich",2015,69
"Chemistry","Paul Modrich",2015,69
"Chemistry","Aziz Sancar",2015,69
"Economics","Angus Deaton",2015,70
"Literature","Svetlana Alexievich",2015,67
"Medicine","William C. Campbell",2015,85
"Medicine","Satoshi Ōmura",2015,80
"Medicine","Youyou Tu",2015,85
"Peace","National Dialogue Quartet",2015,NA
"Physics","Takaaki Kajita",2015,56
"Physics","Arthur B. McDonald",2015,72
"Chemistry","Jean-Pierre Sauvage",2016,72
"Chemistry","Sir J. Fraser Stoddart",2016,74
"Chemistry","Bernard L. Feringa",2016,65
"Economics","Oliver Hart",2016,68
"Economics","Bengt Holmström",2016,67
"Literature","Bob Dylan",2016,75
"Medicine","Yoshinori Ohsumi",2016,71
"Peace","Juan Manuel Santos",2016,65
"Physics","David J. Thouless",2016,82
"Physics","F. Duncan M. Haldane",2016,65
"Physics","J. Michael Kosterlitz",2016,73
